{"cameraMode":{"drawMode":0,"name":"Shaded","section":"Shading Mode"},"sceneLighting":false,"audioPlay":false,"sceneViewState":{"m_AlwaysRefresh":false,"showFog":true,"showSkybox":true,"showFlares":true,"showImageEffects":true,"showParticleSystems":true,"showVisualEffectGraphs":true,"m_FxEnabled":true},"in2DMode":false,"pivot":{"x":22.832523345947267,"y":11.898822784423829,"z":-0.26115795969963076},"rotation":{"x":-0.14185106754302979,"y":0.08067690581083298,"z":-0.011600429192185402,"w":-0.9865270256996155},"size":-0.004530831705778837,"orthographic":false}