{"cameraMode":{"drawMode":0,"name":"Shaded","section":"Shading Mode"},"sceneLighting":true,"audioPlay":false,"sceneViewState":{"m_AlwaysRefresh":false,"showFog":true,"showSkybox":true,"showFlares":true,"showImageEffects":true,"showParticleSystems":true,"showVisualEffectGraphs":true,"m_FxEnabled":true},"in2DMode":false,"pivot":{"x":-23.541303634643556,"y":-6.595844268798828,"z":31.354249954223634},"rotation":{"x":-0.08028341084718704,"y":0.5671294927597046,"z":-0.055612411350011829,"w":-0.8179294466972351},"size":0.06700096279382706,"orthographic":false}