{"cameraMode":{"drawMode":0,"name":"Shaded","section":"Shading Mode"},"sceneLighting":true,"audioPlay":false,"sceneViewState":{"m_AlwaysRefresh":false,"showFog":true,"showSkybox":true,"showFlares":true,"showImageEffects":true,"showParticleSystems":true,"showVisualEffectGraphs":true,"m_FxEnabled":true},"in2DMode":false,"pivot":{"x":-20.879573822021486,"y":-3.388723373413086,"z":13.436763763427735},"rotation":{"x":-0.028041135519742967,"y":-0.9703578948974609,"z":0.1380307823419571,"w":-0.19675277173519135},"size":9.243016242980957,"orthographic":false}