{"cameraMode":{"drawMode":0,"name":"Shaded","section":"Shading Mode"},"sceneLighting":false,"audioPlay":false,"sceneViewState":{"m_AlwaysRefresh":false,"showFog":true,"showSkybox":false,"showFlares":true,"showImageEffects":true,"showParticleSystems":true,"showVisualEffectGraphs":true,"m_FxEnabled":true},"in2DMode":false,"pivot":{"x":-0.991720974445343,"y":2.4191370010375978,"z":4.76837158203125e-7},"rotation":{"x":-0.21241775155067445,"y":0.06296879053115845,"z":-0.013720238581299782,"w":-0.9750568270683289},"size":3.9149539470672609,"orthographic":false}