{"cameraMode":{"drawMode":0,"name":"Shaded","section":"Shading Mode"},"sceneLighting":false,"audioPlay":false,"sceneViewState":{"m_AlwaysRefresh":false,"showFog":true,"showSkybox":false,"showFlares":true,"showImageEffects":true,"showParticleSystems":true,"showVisualEffectGraphs":true,"m_FxEnabled":true},"in2DMode":false,"pivot":{"x":4.677928924560547,"y":4.5034565925598148,"z":8.661798477172852},"rotation":{"x":-0.028041135519742967,"y":-0.9703578948974609,"z":0.1380307823419571,"w":-0.19675277173519135},"size":1.2297568321228028,"orthographic":false}