{"cameraMode":{"drawMode":0,"name":"Shaded","section":"Shading Mode"},"sceneLighting":true,"audioPlay":false,"sceneViewState":{"m_AlwaysRefresh":false,"showFog":true,"showSkybox":true,"showFlares":true,"showImageEffects":true,"showParticleSystems":true,"showVisualEffectGraphs":true,"m_FxEnabled":true},"in2DMode":false,"pivot":{"x":7.212139129638672,"y":-2.3784327507019045,"z":36.57261657714844},"rotation":{"x":0.22506332397460938,"y":0.2610597610473633,"z":-0.06272657215595246,"w":0.9366647601127625},"size":0.40881848335266116,"orthographic":false}